<?xml version="1.0" encoding="UTF-8"?>
<page version="3.10">
<innhold_a>
<header XLIFF="12010319151760768" left="50" top="92" width="386">
<string/>
<plaintext/>
<textbackground>
</textbackground>
</header>
<medialist transition="1" transitionDuration="1" transitionEasing="0" transitionOut="1">
<media height="151" id="120103142048693652" left="26" top="127" width="211">
<url>../images/98684.jpg</url>
<originalfilename>AndrewStill.jpg</originalfilename>
<href/>
<flip>0</flip>
<mirror>0</mirror>
<flashlabels/>
<mediabackground>
</mediabackground>
</media>
<media height="150" id="120103142051537982" left="345" top="128" width="256">
<url>../images/98679.jpg</url>
<originalfilename>Clivestill.jpg</originalfilename>
<href/>
<flip>0</flip>
<mirror>0</mirror>
<flashlabels/>
<mediabackground>
</mediabackground>
</media>
<media height="149" id="1201031420522871046" left="689" top="128" width="283">
<url>../images/98683.jpg</url>
<originalfilename>Peter.jpg</originalfilename>
<href/>
<flip>0</flip>
<mirror>0</mirror>
<flashlabels/>
<mediabackground>
</mediabackground>
</media>
<media height="135" id="1201031420533031089" left="27" top="311" width="137">
<url>../images/98680.jpg</url>
<originalfilename>Evestill.jpg</originalfilename>
<href/>
<flip>0</flip>
<mirror>0</mirror>
<flashlabels/>
<mediabackground>
</mediabackground>
</media>
<media height="135" id="1201031420537871129" left="344" top="312" width="133">
<url>../images/98685.jpg</url>
<originalfilename>BobStill.jpg</originalfilename>
<href/>
<flip>0</flip>
<mirror>0</mirror>
<flashlabels/>
<mediabackground>
</mediabackground>
</media>
</medialist>
<pictext XLIFF="12010319151762269" left="50" top="475" width="336">
<string/>
<plaintext/>
<textbackground>
</textbackground>
</pictext>
<textbackground>
</textbackground>
<textgroup groupTextItemsInBox="false" left="253" top="47" width="518">
<text XLIFF="120103122120890538" id="0" left="253" top="47" width="518.35">
<string>&lt;HTML&gt;&lt;TEXTFORMAT LEADING="2"&gt;&lt;P ALIGN="CENTER"&gt;&lt;FONT FACE="Verdana" SIZE="14" COLOR="#000000" LETTERSPACING="0" KERNING="0"&gt;&lt;B&gt;Here are the characters of this episode...&lt;/B&gt;&lt;/FONT&gt;&lt;/P&gt;&lt;/TEXTFORMAT&gt;</string>
<soundurl>12010312211915515/sound/</soundurl>
<mediacontrol>
</mediacontrol>
<stop>0</stop>
<pause>3</pause>
<speaktext/>
<plaintext>Here are the characters of this episode...
</plaintext>
<textbackground>
</textbackground>
<removeEarlierTexts>false</removeEarlierTexts>
<accessibility>
<visual_description/>
<read_speakText>true</read_speakText>
<read_textOnScreen>true</read_textOnScreen>
<read_visual_description>true</read_visual_description>
</accessibility>
</text>
<text XLIFF="120103122124671617" id="1" left="234" top="88" width="567.25">
<string>&lt;HTML&gt;&lt;TEXTFORMAT LEADING="2"&gt;&lt;P ALIGN="LEFT"&gt;&lt;FONT FACE="Verdana" SIZE="14" COLOR="#000000" LETTERSPACING="0" KERNING="0"&gt;&lt;B&gt;...have a look at them and then click the forward button to get started.&lt;/B&gt;&lt;/FONT&gt;&lt;/P&gt;&lt;/TEXTFORMAT&gt;</string>
<soundurl>12010312211915515/sound/</soundurl>
<mediacontrol>
</mediacontrol>
<stop>0</stop>
<pause>3</pause>
<speaktext/>
<plaintext>...have a look at them and then click the forward button to get started.
</plaintext>
<textbackground>
</textbackground>
<removeEarlierTexts>false</removeEarlierTexts>
<accessibility>
<visual_description/>
<read_speakText>true</read_speakText>
<read_textOnScreen>true</read_textOnScreen>
<read_visual_description>true</read_visual_description>
</accessibility>
</text>
<text XLIFF="1201031420539901106" id="2" left="21" top="287.4" width="264.15">
<string>&lt;HTML&gt;&lt;TEXTFORMAT LEADING="2"&gt;&lt;P ALIGN="LEFT"&gt;&lt;FONT FACE="Arial" SIZE="14" COLOR="#000000" LETTERSPACING="0" KERNING="0"&gt;Andrew Scales – Chief Executive Office&lt;/FONT&gt;&lt;/P&gt;&lt;/TEXTFORMAT&gt;</string>
<soundurl>12010312211915515/sound/</soundurl>
<mediacontrol>
<action media_id="120103142048693652" type="display"/>
</mediacontrol>
<stop>0</stop>
<pause>3</pause>
<speaktext/>
<plaintext>Andrew Scales – Chief Executive Office
</plaintext>
<textbackground>
</textbackground>
<removeEarlierTexts>false</removeEarlierTexts>
<accessibility>
<visual_description/>
<read_speakText>true</read_speakText>
<read_textOnScreen>true</read_textOnScreen>
<read_visual_description>true</read_visual_description>
</accessibility>
</text>
<text XLIFF="12010314205361107" id="3" left="345" top="287.4" width="282.3">
<string>&lt;HTML&gt;&lt;TEXTFORMAT LEADING="2"&gt;&lt;P ALIGN="LEFT"&gt;&lt;FONT FACE="Arial" SIZE="14" COLOR="#000000" LETTERSPACING="0" KERNING="0"&gt;Clive White – Chief Financial Officer&lt;/FONT&gt;&lt;/P&gt;&lt;/TEXTFORMAT&gt;</string>
<soundurl>12010312211915515/sound/</soundurl>
<mediacontrol>
<action media_id="120103142051537982" type="display"/>
</mediacontrol>
<stop>0</stop>
<pause>3</pause>
<speaktext/>
<plaintext>Clive White – Chief Financial Officer
</plaintext>
<textbackground>
</textbackground>
<removeEarlierTexts>false</removeEarlierTexts>
<accessibility>
<visual_description/>
<read_speakText>true</read_speakText>
<read_textOnScreen>true</read_textOnScreen>
<read_visual_description>true</read_visual_description>
</accessibility>
</text>
<text XLIFF="120103142053221108" id="4" left="687" top="288.15" width="242.15">
<string>&lt;HTML&gt;&lt;TEXTFORMAT LEADING="2"&gt;&lt;P ALIGN="LEFT"&gt;&lt;FONT FACE="Arial" SIZE="14" COLOR="#000000" LETTERSPACING="0" KERNING="0"&gt;Pieter Witze – Technical Director&lt;/FONT&gt;&lt;/P&gt;&lt;/TEXTFORMAT&gt;</string>
<soundurl>12010312211915515/sound/</soundurl>
<mediacontrol>
<action media_id="1201031420522871046" type="display"/>
</mediacontrol>
<stop>0</stop>
<pause>3</pause>
<speaktext/>
<plaintext>Pieter Witze – Technical Director
</plaintext>
<textbackground>
</textbackground>
<removeEarlierTexts>false</removeEarlierTexts>
<accessibility>
<visual_description/>
<read_speakText>true</read_speakText>
<read_textOnScreen>true</read_textOnScreen>
<read_visual_description>true</read_visual_description>
</accessibility>
</text>
<text XLIFF="120103142053371109" id="5" left="24" top="450.75" width="282.3">
<string>&lt;HTML&gt;&lt;TEXTFORMAT LEADING="2"&gt;&lt;P ALIGN="LEFT"&gt;&lt;FONT FACE="Arial" SIZE="14" COLOR="#000000" LETTERSPACING="0" KERNING="0"&gt;Evelyn Barnes – Legal Counsel&lt;/FONT&gt;&lt;/P&gt;&lt;/TEXTFORMAT&gt;</string>
<soundurl>12010312211915515/sound/</soundurl>
<mediacontrol>
<action media_id="1201031420533031089" type="display"/>
</mediacontrol>
<stop>0</stop>
<pause>3</pause>
<speaktext/>
<plaintext>Evelyn Barnes – Legal Counsel
</plaintext>
<textbackground>
</textbackground>
<removeEarlierTexts>false</removeEarlierTexts>
<accessibility>
<visual_description/>
<read_speakText>true</read_speakText>
<read_textOnScreen>true</read_textOnScreen>
<read_visual_description>true</read_visual_description>
</accessibility>
</text>
<text XLIFF="120103142053371110" id="6" left="342" top="451.5" width="282.3">
<string>&lt;HTML&gt;&lt;TEXTFORMAT LEADING="2"&gt;&lt;P ALIGN="LEFT"&gt;&lt;FONT FACE="Arial" SIZE="14" COLOR="#000000" LETTERSPACING="0" KERNING="0"&gt;Bob Zucker – Director of US Operations&lt;/FONT&gt;&lt;/P&gt;&lt;/TEXTFORMAT&gt;</string>
<soundurl>12010312211915515/sound/</soundurl>
<mediacontrol>
<action media_id="1201031420537871129" type="display"/>
</mediacontrol>
<stop>0</stop>
<pause>3</pause>
<speaktext/>
<plaintext>Bob Zucker – Director of US Operations
</plaintext>
<textbackground>
</textbackground>
<removeEarlierTexts>false</removeEarlierTexts>
<accessibility>
<visual_description/>
<read_speakText>true</read_speakText>
<read_textOnScreen>true</read_textOnScreen>
<read_visual_description>true</read_visual_description>
</accessibility>
</text>
</textgroup>
<components>
</components>
</innhold_a>
</page>