<?xml version="1.0" encoding="UTF-8"?>
<page version="3.10">
<innhold_a>
<header XLIFF="1201031981882559" left="50" top="92" width="386">
<string/>
<plaintext/>
<textbackground>
</textbackground>
</header>
<medialist transition="1" transitionDuration="1" transitionEasing="0" transitionOut="1">
<media height="186" id="120103122128296643" left="65" top="52" width="247">
<url>../images/57930.swf</url>
<originalfilename>logo_septia_intro.gif</originalfilename>
<href/>
<flip>0</flip>
<mirror>0</mirror>
<flashlabels/>
<mediabackground>
</mediabackground>
</media>
<media height="70" id="12010318948671114" left="61" top="200" width="245">
<url>../images/51878.swf</url>
<originalfilename>EDG_logo-transpNy.gif</originalfilename>
<href/>
<flip>0</flip>
<mirror>0</mirror>
<flashlabels/>
<mediabackground>
</mediabackground>
</media>
<media height="134" id="1201031895431225" left="66" top="319" width="229">
<url>../images/99007.swf</url>
<originalfilename>expert.gif</originalfilename>
<href/>
<flip>0</flip>
<mirror>0</mirror>
<flashlabels/>
<mediabackground>
</mediabackground>
</media>
</medialist>
<pictext XLIFF="1201031981882560" left="50" top="475" width="336">
<string/>
<plaintext/>
<textbackground>
</textbackground>
</pictext>
<textbackground>
</textbackground>
<textgroup groupTextItemsInBox="false" left="495" top="118" width="215">
<text XLIFF="12010231155589942" id="0" left="515" top="118" width="215">
<string>&lt;HTML&gt;&lt;TEXTFORMAT LEADING="2"&gt;&lt;P ALIGN="LEFT"&gt;&lt;FONT FACE="Arial" SIZE="14" COLOR="#0000FF" LETTERSPACING="0" KERNING="0"&gt;&lt;A HREF="asfunction:_level0._$ELink.l, http://www.septiagroup.com/" TARGET="_blank"&gt;&lt;U&gt;http://www.septiagroup.com/&lt;/U&gt;&lt;/A&gt;&lt;/FONT&gt;&lt;/P&gt;&lt;/TEXTFORMAT&gt;</string>
<soundurl>12010318246103314/sound/</soundurl>
<mediacontrol>
<action media_id="120103122128296643" type="display"/>
</mediacontrol>
<stop>0</stop>
<pause>3</pause>
<speaktext/>
<plaintext>http://www.septiagroup.com/
</plaintext>
<textbackground>
</textbackground>
<removeEarlierTexts>false</removeEarlierTexts>
<accessibility>
<visual_description/>
<read_speakText>true</read_speakText>
<read_textOnScreen>true</read_textOnScreen>
<read_visual_description>true</read_visual_description>
</accessibility>
</text>
<text XLIFF="12010318957343292" id="1" left="513" top="242" width="239.1">
<string>&lt;HTML&gt;&lt;TEXTFORMAT LEADING="2"&gt;&lt;P ALIGN="LEFT"&gt;&lt;FONT FACE="Arial" SIZE="14" COLOR="#0000FF" LETTERSPACING="0" KERNING="0"&gt;&lt;A HREF="asfunction:_level0._$ELink.l, http://www.edvantagegroup.com/" TARGET="_blank"&gt;&lt;U&gt;http://www.edvantagegroup.com/&lt;/U&gt;&lt;/A&gt;&lt;/FONT&gt;&lt;/P&gt;&lt;/TEXTFORMAT&gt;</string>
<soundurl>12010318246103314/sound/</soundurl>
<mediacontrol>
<action media_id="12010318948671114" type="display"/>
</mediacontrol>
<stop>0</stop>
<pause>3</pause>
<speaktext/>
<plaintext>http://www.edvantagegroup.com/
</plaintext>
<textbackground>
</textbackground>
<removeEarlierTexts>false</removeEarlierTexts>
<accessibility>
<visual_description/>
<read_speakText>true</read_speakText>
<read_textOnScreen>true</read_textOnScreen>
<read_visual_description>true</read_visual_description>
</accessibility>
</text>
<text XLIFF="12010318957359293" id="2" left="510" top="382" width="282.2">
<string>&lt;HTML&gt;&lt;TEXTFORMAT LEADING="2"&gt;&lt;P ALIGN="LEFT"&gt;&lt;FONT FACE="Arial" SIZE="14" COLOR="#0000FF" LETTERSPACING="0" KERNING="0"&gt;&lt;A HREF="asfunction:_level0._$ELink.l, http://www.expertlectures.com/" TARGET="_blank"&gt;&lt;U&gt;http://www.expertlectures.com/&lt;/U&gt;&lt;/A&gt;&lt;/FONT&gt;&lt;/P&gt;&lt;/TEXTFORMAT&gt;</string>
<soundurl>12010318246103314/sound/</soundurl>
<mediacontrol>
<action media_id="1201031895431225" type="display"/>
</mediacontrol>
<stop>0</stop>
<pause>3</pause>
<speaktext/>
<plaintext>http://www.expertlectures.com/
</plaintext>
<textbackground>
</textbackground>
<removeEarlierTexts>false</removeEarlierTexts>
<accessibility>
<visual_description/>
<read_speakText>true</read_speakText>
<read_textOnScreen>true</read_textOnScreen>
<read_visual_description>true</read_visual_description>
</accessibility>
</text>
</textgroup>
<components>
</components>
</innhold_a>
</page>