<?xml version="1.0" encoding="UTF-8"?>
<page version="3.10">
<innhold_a>
<header XLIFF="12010320123058993" left="50" top="92" width="386">
<string/>
<plaintext/>
<textbackground>
</textbackground>
</header>
<medialist transition="0" transitionDuration="1" transitionEasing="0" transitionOut="0">
<media height="388" id="120103192156656129" left="166" top="37" width="651">
<url>../images/57944.swf</url>
<originalfilename>videoFrame.swf</originalfilename>
<href/>
<flip>0</flip>
<mirror>0</mirror>
<flashlabels/>
<mediabackground>
</mediabackground>
</media>
<media height="338" id="12010320122912117" left="191" top="63" width="600">
<url>../images/99152.flv</url>
<originalfilename>19350415_600.flv</originalfilename>
<href/>
<flip>0</flip>
<mirror>0</mirror>
<flashlabels/>
<mediabackground>
</mediabackground>
</media>
</medialist>
<pictext XLIFF="12010320123058994" left="50" top="475" width="336">
<string/>
<plaintext/>
<textbackground>
</textbackground>
</pictext>
<textbackground>
</textbackground>
<textgroup groupTextItemsInBox="false" left="231" top="227" width="495">
<text XLIFF="120103192157859153" id="0" left="249" top="227" width="495.05">
<string>&lt;HTML&gt;&lt;TEXTFORMAT LEADING="2"&gt;&lt;P ALIGN="CENTER"&gt;&lt;FONT FACE="Arial" SIZE="14" COLOR="#FFFFFF" LETTERSPACING="0" KERNING="0"&gt;Click to start the video&lt;/FONT&gt;&lt;/P&gt;&lt;/TEXTFORMAT&gt;</string>
<soundurl>120103192156218120/sound/</soundurl>
<mediacontrol>
<action media_id="120103192156656129" type="display"/>
</mediacontrol>
<stop>1</stop>
<pause>0</pause>
<speaktext/>
<plaintext>Click to start the video
</plaintext>
<textbackground>
</textbackground>
<removeEarlierTexts>false</removeEarlierTexts>
<accessibility>
<visual_description/>
<read_speakText>true</read_speakText>
<read_textOnScreen>true</read_textOnScreen>
<read_visual_description>true</read_visual_description>
</accessibility>
</text>
<text XLIFF="12010320123060495" id="1" left="1026" top="117" width="495.05">
<string/>
<soundurl>120103192156218120/sound/</soundurl>
<mediacontrol>
<action media_id="12010320122912117" type="display"/>
</mediacontrol>
<stop>0</stop>
<pause>0</pause>
<speaktext/>
<plaintext/>
<textbackground>
</textbackground>
<removeEarlierTexts>true</removeEarlierTexts>
<accessibility>
<visual_description/>
<read_speakText>true</read_speakText>
<read_textOnScreen>true</read_textOnScreen>
<read_visual_description>true</read_visual_description>
</accessibility>
</text>
</textgroup>
<components>
</components>
</innhold_a>
</page>